Description,nanoStart,nanoEnd
FIND(20):false,247658329296453,247658333827624
FIND(3):false,247658329296453,247658333718558
INSERT(6):true,247658329321261,247658334296396
INSERT(17):true,247658329323399,247658334479028
INSERT(1):true,247658329355477,247658333578696
DELETE(11):false,247658329384562,247658334161667
FIND(13):false,247658329420062,247658334257474
INSERT(3):true,247658329548375,247658334365257
INSERT(7):false,247658330525695,247658334546179
DELETE(14):false,247658330583864,247658334478173
INSERT(18):true,247658330747677,247658334419576
INSERT(7):true,247658331012858,247658334325480
INSERT(12):true,247658331012858,247658334244643
FIND(15):false,247658331042798,247658334118896
FIND(16):false,247658331080436,247658333303678
DELETE(16):false,247658331239545,247658333281010
DELETE(15):false,247658331417472,247658334173643
FIND(4):false,247658331791292,247658334718974
INSERT(13):true,247658331828503,247658334745492
DELETE(13):false,247658331875123,247658334138142
DELETE(3):true,247658338543566,247658338665892
DELETE(2):false,247658338602163,247658338627398
FIND(1):true,247658338634241,247658338742880
INSERT(14):true,247658338845530,247658338877609
INSERT(13):false,247658338862211,247658338884452
INSERT(5):true,247658338926368,247658338954169
INSERT(14):false,247658338954597,247658338972133
INSERT(8):true,247658339099163,247658339123115
INSERT(17):false,247658339111994,247658339128675
FIND(12):true,247658339172729,247658339248434
INSERT(20):true,247658339200103,247658339226193
FIND(19):false,247658339361350,247658339429356
INSERT(4):true,247658339375037,247658339398133
INSERT(16):true,247658339460151,247658339485814
INSERT(3):true,247658339516181,247658339537995
FIND(18):true,247658339647489,247658339715067
INSERT(2):true,247658339691543,247658339715067
FIND(10):false,247658339756555,247658339830549
FIND(5):true,247658339920796,247658339993935
FIND(9):true,247658339950736,247658341211628
DELETE(6):true,247658339993935,247658340017031
DELETE(19):false,247658340063651,247658340077338
DELETE(4):true,247658340242862,247658340268525
INSERT(18):false,247658340258260,247658340279646
INSERT(16):false,247658340283923,247658340304453
DELETE(20):true,247658340469122,247658340487085
INSERT(11):true,247658340469122,247658340489652
INSERT(9):true,247658340552953,247658340578188
FIND(14):true,247658340691104,247658340770230
FIND(11):true,247658340692387,247658342685520
FIND(17):true,247658340807013,247658340912230
FIND(6):false,247658341190242,247658341265092
INSERT(12):false,247658341315562,247658341334381
INSERT(19):true,247658341366032,247658341390839
DELETE(7):true,247658341446441,247658341468255
FIND(8):true,247658341496056,247658341573044
INSERT(5):false,247658341538827,247658341555508
INSERT(15):true,247658341601273,247658341626080
INSERT(10):true,247658341694514,247658341718893
INSERT(9):false,247658341765086,247658341783050
FIND(2):true,247658341773640,247658341846351
DELETE(18):true,247658341847207,247658341866881
DELETE(1):true,247658341927189,247658341949430
INSERT(10):false,247658342008026,247658342031978
INSERT(11):false,247658342055074,247658342070899
INSERT(19):false,247658342082875,247658342099128
INSERT(4):true,247658342156014,247658342179538
DELETE(8):true,247658342230863,247658342250110
INSERT(20):true,247658342262086,247658342284755
INSERT(1):true,247658342306996,247658342333514
INSERT(2):false,247658342389544,247658342406653
DELETE(9):true,247658342454129,247658342472520
DELETE(5):true,247658342470809,247658342493906
DELETE(17):true,247658342559345,247658342578165
INSERT(15):false,247658342605538,247658342644888
INSERT(6):true,247658342687659,247658342717171
DELETE(10):true,247658342715460,247658342732996
INSERT(8):true,247658342888255,247658342912207
FIND(7):false,247658342901942,247658342984918
DELETE(12):true,247658342930599,247658342950273
